claim_id,decision_event_id,claim,current_state,supporting_evidence,counter_evidence,unknown,does_not_support,knowledge_cutoff,next_observable
CG-A-001,DE-A-001,"The tendered BESS can meet the required energy and cycle obligations for five years",NOT_ESTABLISHED,"Official NIT and RfS establish procurement size and structure",NONE_REVIEWED,"bid-specific degradation guarantees; availability evidence; operating references","Tender publication does not establish bidder-specific performance",2026-10-08,"award documents and accepted technical schedules"
CG-A-002,DE-A-002,"The selected Haryana BESS configuration will meet VGF-backed service obligations",NOT_ESTABLISHED,"Official tender establishes capacity and procurement terms",NONE_REVIEWED,"selected design; warranty; degradation; field history","Tender existence does not establish delivered performance",2026-10-08,"award and final BESSA/BESPA schedules"
CG-A-003,DE-A-003,"The proposed 4600 MW program has bankable technology and delivery assumptions",NOT_ESTABLISHED,"Government statement establishes the proposed procurement scale",NONE_REVIEWED,"final procurement design; technology mix; guarantees; delivery evidence","Policy announcement does not establish project-level bankability",2026-10-08,"final RfP and procurement approvals"
CG-A-004,DE-A-004,"The financed 1 GWh portfolio will meet the operating case used at financial close",NOT_ESTABLISHED,"Advisor announcement establishes senior-debt financial close",NONE_REVIEWED,"lender technical assumptions; availability; degradation; actual commissioning","Financial close does not establish future operating performance",2026-10-08,"commissioning records and operating-period results"
CG-A-005,DE-A-005,"TENER Sodium is commercially mature at the ordered scale",NOT_ESTABLISHED,"CATL states validated system design; commissioned mass-production lines; planned 1 GWh 2026 shipments; 60 GWh order",NONE_REVIEWED,"customer acceptance; delivered MWh; independent field data; repeatability across sites","Order volume and vendor statements do not establish delivery or multi-site field performance",2026-10-08,"customer acceptance records and independently attributable operating data"
CG-B-001,DE-B-001,"The ±525 kV 2000 MW VSC specification will be adequate for the intended interconnector",NOT_ESTABLISHED,"TEIAS contract award establishes the specification and owner-engineer work",NONE_REVIEWED,"final design basis; validation; interface assumptions; acceptance criteria","Consulting contract award does not establish final technical adequacy",2026-10-08,"issued-for-procurement specification and validation record"
CG-B-002,DE-B-002,"The Shetland 2 converter system will satisfy the required 2 x 2 GW design and commissioning boundary",NOT_ESTABLISHED,"Award notice establishes scope including design testing installation and commissioning",NONE_REVIEWED,"accepted test plan; model validation; interface and commissioning results","Contract award does not establish completed performance",2026-10-08,"factory tests and commissioning acceptance"
CG-B-003,DE-B-003,"The awarded distribution transformers will satisfy ECG service and post-qualification requirements",NOT_ESTABLISHED,"Official tender establishes ground-mounted transformer scope and postqualification",NONE_REVIEWED,"awardee; loss values; type tests; factory capability; field reliability","Lowest evaluated responsive tender status alone would not establish field performance",2026-10-08,"award and approved postqualification dossier"
CG-B-004,DE-B-004,"The contracted 38 kV switchgear will enable flawless 24/7 power operation",NOT_ESTABLISHED,"LS ELECTRIC states a USD 64m signed supply contract and delivery schedule",NONE_REVIEWED,"site design; acceptance tests; redundancy boundary; operating results","Supplier announcement does not establish site-level uninterrupted operation",2026-10-08,"FAT/SAT and commissioned-site operating evidence"
CG-B-005,DE-B-005,"EGL4 packages will meet system-level delivery and performance requirements",NOT_ESTABLISHED,"National Grid announcement establishes major contracted supply packages",NONE_REVIEWED,"final interfaces; test results; schedule and commissioning outcomes","Supply-chain commitment does not establish delivered system performance",2026-10-08,"design approval and commissioning milestones"
CG-C-001,DE-C-001,"Listed substitute SRAM parts are qualified equivalents in each customer operating context",NOT_ESTABLISHED,"Renesas notice gives exact affected parts and proposed replacement or redesign entries",NONE_REVIEWED,"temperature timing package qualification and customer-specific validation","A replacement listing does not establish drop-in equivalence",2026-10-08,"customer qualification and operating-condition test report"
CG-C-002,DE-C-002,"The target PLC migration preserves the required plant behavior and interfaces",NOT_ESTABLISHED,"Mitsubishi publishes EOL LTB and service dates",NONE_REVIEWED,"installed configuration; I/O behavior; software conversion; validation evidence","Lifecycle notice does not identify a qualified customer-specific migration",2026-10-08,"site inventory and migration FAT/SAT"
CG-C-003,DE-C-003,"Replacement HART modules preserve process-control compatibility",NOT_ESTABLISHED,"Mitsubishi publishes the EOL and last-time-buy boundary",NONE_REVIEWED,"protocol behavior; environmental qualification; installed-base dependencies","EOL timing does not establish replacement equivalence",2026-10-08,"named replacement and customer qualification record"
CG-C-004,DE-C-004,"Replacement components for the affected NIC part numbers are qualified equivalents",NOT_ESTABLISHED,"NIC publishes affected-series and part-number notifications",NONE_REVIEWED,"customer BOM usage; electrical margins; form-fit-function and reliability tests","EOL announcement does not establish equivalence",2026-10-08,"customer-specific alternate-source qualification"
CG-C-005,DE-C-005,"Alternative domestic sources can be qualified without unacceptable mission or schedule impact",NOT_ESTABLISHED,"Federal Register order establishes mapping and qualification duties and timelines",NONE_REVIEWED,"covered acquisitions; affected contractors; candidate sources; test evidence","Rulemaking direction does not establish any specific source as qualified",2026-10-08,"implementing regulations and program-specific qualification results"
CG-D-001,DE-D-001,"INERGX has a commercially mature repeatable integrated platform",NOT_ESTABLISHED,"Binding investment agreement and stated buy-and-build plan are public",NONE_REVIEWED,"completed acquisitions; certified products; installed base; customer acceptance; recurring revenue","Binding investment and strategy narrative do not establish technology validation or commercialization",2026-10-08,"closed acquisitions and attributable deployment evidence"
CG-D-002,DE-D-002,"The target drone platform can transfer to US production without material new capital or qualification risk",NOT_ESTABLISHED,"Non-binding LOI says target produces and sells products and has conditional approval",NONE_REVIEWED,"target identity; definitive agreement; diligence; updated vetting; transfer validation; costed capex","LOI and management belief do not establish closing manufacturing transfer or final approval",2026-10-08,"definitive agreement and completed diligence/qualification record"
CG-D-003,DE-D-003,"UIG integration will deliver the stated time-to-power and financial case",NOT_ESTABLISHED,"Acquisition agreement and consideration structure are public",NONE_REVIEWED,"close; integration plan; realized performance; earnout basis; customer outcomes","Transaction announcement does not establish post-close performance",2026-10-08,"closing disclosure and integration/customer evidence"
CG-D-004,DE-D-004,"Advantics modules deliver up to 99 percent efficiency across intended ABB applications",NOT_ESTABLISHED,"ABB describes the acquisition target technology and stated module efficiency",NONE_REVIEWED,"test conditions; independent replication; production dispersion; system-level efficiency after integration","Headline module efficiency does not establish every application or integrated-system outcome",2026-10-08,"qualified test report and post-close integrated-system validation"
CG-D-005,DE-D-005,"Kelvion integration will deliver the stated data-center thermal-management benefits",NOT_ESTABLISHED,"Acquisition announcement establishes strategic intent",NONE_REVIEWED,"close; integration; customer deployments; operating metrics","Acquisition rationale does not establish realized performance",2026-10-08,"closing and attributable customer operating evidence"
