decision_event_id,vertical,organization,project,country,decision_type,event_date,source,decision_window,cost_of_error,status
DE-A-001,A,MSEDCL,"1000 MW / 4000 MWh BESS plus 500 MW / 2000 MWh green-shoe tender",India,active_tender,2026-09-24,https://www.mahadiscom.in/en/maharashtra-state-electricity-distribution-company-limited-msedcl-is-inviting-bids-for-procurement-of-energy-for-medium-term-5-years-through-battery-energy-storage-systems-bess-of-1000-mw-4000-m/,tender_active,"tariff lock-in; bankability; system-performance risk",HOLD
DE-A-002,A,SJVN,"265 MW / 530 MWh Haryana standalone BESS under VGF",India,tender_evaluation,2026-07-24,https://sjvn.nic.in/en/sjvnccdelhi-reia2026-bess-2-tsc-sjvn-2026-tn000001,post_bid_evaluation,"public funding; performance and availability risk",HOLD
DE-A-003,A,South African Government,"Proposed 4600 MW BESS procurement",South Africa,procurement_program,2026-10-07,https://www.gov.za/news/media-statements/minister-kgosientsho-ramokgopa-prioritises-battery-storage-and-gas-power,program_design,"multi-gigawatt procurement design; grid reliability",HOLD
DE-A-004,A,Field,"1 GWh UK BESS portfolio financing",United Kingdom,financial_close,2026-07-11,https://www.elgarmiddleton.com/,construction_and_drawdown,"senior debt; construction and operating-performance risk",HOLD
DE-A-005,A,CATL and HyperStrong,"TENER sodium-ion BESS and three-year 60 GWh order",China,technology_delivery,2026-06-22,https://www.catl.com/en/news/6861.html,initial_delivery_and_scale_up,"large technology order; delivery and field-performance risk",REVIEW
DE-B-001,B,TEIAS,"±525 kV 2000 MW VSC HVDC technical specifications and owner-engineer specifications",Turkey,owner_engineer_contract,2026-07-21,https://www.teias.gov.tr/en-US/news/contract-award-notice,one_year_specification_program,"grid-interface and specification error",REVIEW
DE-B-002,B,Scottish Hydro Electric Transmission,"Shetland 2 two 2 GW VSC HVDC converter stations",United Kingdom,contract_award,2026-09-01,https://www.sell2wales.gov.wales/search/show/search_view.aspx?ID=SEP656802&catID=,design_test_install_commission,"multi-gigawatt design and commissioning risk",REVIEW
DE-B-003,B,Electricity Company of Ghana,"Ground-mounted distribution transformers ECG-GDS-2026-04-2-1",Ghana,tender_evaluation,2026-08-27,https://www.ghaneps.gov.gh/epps/cft/prepareViewCfTWS.do?resourceId=3466878,post_bid_evaluation,"transformer quality; service continuity; public procurement",REVIEW
DE-B-004,B,LS ELECTRIC,"38 kV switchgear for a US data-center microgrid",United States,supply_contract,2026-05-20,https://nahpdev.ls-electric.com/company/press/2696/ls-electric-wins-series-of-orders-for-microgrid-infrastructure-at-u-s-data-centers,2026-12_to_2027-08_delivery,"USD 64m delivery; 24/7 power reliability",HOLD
DE-B-005,B,National Grid,"Eastern Green Link 4 converter and cable supply chain",United Kingdom,major_contracting,2026-03-30,https://www.nationalgrid.com/eastern-green-link-4-confirms-ps3bn-supply-chain-boost-support-uk-jobs-energy-security-and-reduce,design_to_delivery,"approximately GBP 3bn supply chain; transmission reliability",REVIEW
DE-C-001,C,Renesas Electronics,"EOL260016 selected SRAM parts",Global,last_time_buy_and_replacement,2026-06-01,https://www.renesas.com/en/document/eln/end-life-notice-eol260016,LTB_2026-11-30,"redesign; qualification; availability",HOLD
DE-C-002,C,Mitsubishi Electric,"MELSEC L Series complete-series replacement",Europe,last_time_buy_and_migration,2025-12-19,https://se-fa.mitsubishielectric.com/fa/se_en/support/product-life-cycle-stage-eol,LTB_2027-05-31,"plant controls migration; compatibility; downtime",HOLD
DE-C-003,C,Mitsubishi Electric,"Q Series HART modules replacement",Europe,last_time_buy_and_migration,2026-08-28,https://se-fa.mitsubishielectric.com/fa/se_en/support/product-life-cycle-stage-eol,LTB_2027-02-28,"process I/O qualification; downtime",HOLD
DE-C-004,C,NIC Components,"Low-capacitance component part-number EOL notices",Global,last_time_buy_and_replacement,2026-07-06,https://www.niccomp.com/product-change-notifications-pcns/,customer_specific,"BOM continuity; form-fit-function qualification",HOLD
DE-C-005,C,US Department of War,"Critical supply-chain mapping and alternative-source qualification order",United States,regulatory_source_qualification,2026-07-23,https://www.govinfo.gov/content/pkg/FR-2026-07-23/pdf/2026-15003.pdf,90_to_180_day_rulemaking,"task-order and option risk; national-security supply chains",HOLD
DE-D-001,D,Nocera,"SEC-filed LOI for up to 9.99 percent equity interest in INERGX",United States,proposed_strategic_investment,2026-07-08,https://www.sec.gov/Archives/edgar/data/1756180/000168316826005361/nocera_ex1001.htm,public_term_boundary_reached_status_unconfirmed,"technology validation; commercialization; acquisition integration",REOPEN
DE-D-002,D,Beam Global,"Definitive SPA to acquire ScoutDI",United States,technology_acquisition,2026-10-07,https://beamforall.com/beam-global-signs-definitive-agreement-to-acquire-drone-technology-company-scoutdi-creating-a-vertically-integrated-u-s-drone-platform-for-industrial-and-defense-markets/,closing_and_integration_planning,"purchase price; financing; regulatory approval; manufacturing transfer; integration",REOPEN
DE-D-003,D,Vertiv,"Agreement to acquire Utility Innovation Group",United States,technology_acquisition,2026-09-02,https://investors.vertiv.com/news/news-details/2026/Vertiv-Announces-Agreement-to-Acquire-UtilityInnovation-Group-to-Accelerate-Time-to-Power-for-AI-Data-Centers/default.aspx,Q4_2026_close,"transaction value; earnout; integrated microgrid performance",HOLD
DE-D-004,D,ABB,"Acquisition of Advantics",Switzerland,technology_acquisition,2026-07-15,https://www.abb.com/global/en/news/137427/abb-to-acquire-advantics-expanding-direct-current-portfolio,Q4_2026_close,"technology integration; performance-boundary risk",OUTREACH_READY
DE-D-005,D,SLB,"Acquisition of Kelvion",United States,technology_acquisition,2026-08-31,https://schlumberger.gcs-web.com/news-releases/news-release-details/slb-acquire-kelvion-expanding-its-role-across-data-center,transaction_close_and_integration,"integration; data-center thermal-performance claims",REVIEW
