decision_event_id,material_decision_evidence_gap,decision_impact_if_resolved,public_record_state,internal_or_private_state,rationale
DE-A-001,YES,"SUPPLIER_QUALIFICATION; CONTRACT_CONDITION; FINANCING_CONDITION","Reviewed public tender establishes capacity duration and procurement structure but not bidder-specific guarantees or operating evidence",UNKNOWN,"Resolving degradation availability and reference evidence could change qualification and contract terms"
DE-A-002,YES,"SUPPLIER_QUALIFICATION; TECHNICAL_ACCEPTANCE; CONTRACT_CONDITION","Reviewed public tender establishes capacity and VGF framework but not the selected configuration or accepted performance evidence",UNKNOWN,"Resolution could change award conditions and technical acceptance"
DE-A-003,YES,"GO_NO_GO; FINANCING_CONDITION; DEPLOYMENT_TIMING","Reviewed public statement establishes a proposed procurement scale but not final design guarantees or delivery evidence",UNKNOWN,"Resolution could change program design bankability and timing"
DE-A-004,YES,"FINANCING_CONDITION; RISK_ALLOCATION; REOPEN_DECISION","Reviewed public announcement establishes financial close but not the lender operating assumptions or subsequent performance evidence",UNKNOWN,"Resolution could affect drawdown covenants risk allocation or a reopened financing decision"
DE-A-005,YES,"SUPPLIER_QUALIFICATION; TECHNICAL_ACCEPTANCE; DEPLOYMENT_TIMING","Reviewed public record states production readiness planned deliveries and a 60 GWh order but does not establish accepted delivered volume or repeatable field performance",UNKNOWN,"Resolution could change procurement qualification technical acceptance and rollout timing"
DE-B-001,YES,"CONTRACT_CONDITION; TECHNICAL_ACCEPTANCE; RISK_ALLOCATION","Reviewed public notice establishes the owner-engineer specification engagement but not the validated final design basis",UNKNOWN,"Resolution could change procurement specifications interface risk and acceptance conditions"
DE-B-002,YES,"TECHNICAL_ACCEPTANCE; CONTRACT_CONDITION; DEPLOYMENT_TIMING","Reviewed award notice establishes design testing installation and commissioning scope but not accepted test or commissioning results",UNKNOWN,"Resolution could change acceptance milestones contract remedies and schedule"
DE-B-003,YES,"SUPPLIER_QUALIFICATION; TECHNICAL_ACCEPTANCE; CONTRACT_CONDITION","Reviewed procurement record establishes transformer scope and postqualification but not the awarded technical dossier",UNKNOWN,"Resolution could change supplier qualification award and acceptance"
DE-B-004,YES,"TECHNICAL_ACCEPTANCE; DEPLOYMENT_TIMING; RISK_ALLOCATION","Reviewed supplier announcement establishes contract value equipment class and delivery window but not buyer design or acceptance evidence",UNKNOWN,"Resolution could change site acceptance schedule and reliability risk allocation"
DE-B-005,YES,"TECHNICAL_ACCEPTANCE; CONTRACT_CONDITION; DEPLOYMENT_TIMING","Reviewed public announcement establishes supply packages but not final interfaces tests or commissioning outcomes",UNKNOWN,"Resolution could change package acceptance and project timing"
DE-C-001,YES,"SUPPLIER_QUALIFICATION; TECHNICAL_ACCEPTANCE; DEPLOYMENT_TIMING","Reviewed EOL notice establishes affected parts dates and suggested replacements but not customer-specific equivalence",UNKNOWN,"Resolution could change replacement qualification redesign scope and availability planning"
DE-C-002,YES,"SUPPLIER_QUALIFICATION; TECHNICAL_ACCEPTANCE; DEPLOYMENT_TIMING","Reviewed lifecycle page establishes EOL LTB and service dates but not site-specific migration behavior",UNKNOWN,"Resolution could change migration approval outage planning and acceptance"
DE-C-003,YES,"SUPPLIER_QUALIFICATION; TECHNICAL_ACCEPTANCE; DEPLOYMENT_TIMING","Reviewed lifecycle page establishes EOL timing but not process-control compatibility of a replacement",UNKNOWN,"Resolution could change qualification and plant migration timing"
DE-C-004,YES,"SUPPLIER_QUALIFICATION; TECHNICAL_ACCEPTANCE; DEPLOYMENT_TIMING","Reviewed PCN establishes affected part families but not customer BOM use or replacement equivalence",UNKNOWN,"Resolution could change alternate-source qualification and redesign timing"
DE-C-005,NO,NONE,"Reviewed Federal Register order establishes future mapping and source-qualification duties but no exact contractor acquisition or candidate-source decision",UNKNOWN,"The public gap is policy-level and cannot yet be tied to a specific accountable decision opportunity"
DE-D-001,YES,"GO_NO_GO; TRANSACTION_PRICE; CONTRACT_CONDITION; REOPEN_DECISION","Reviewed SEC-filed LOI establishes a proposed investment and strategy but not definitive documentation transaction completion completed acquisitions validation certification or deployments",UNKNOWN,"Resolution could change follow-on acquisition approval valuation conditions and platform investment decisions"
DE-D-002,YES,"GO_NO_GO; TRANSACTION_PRICE; CONTRACT_CONDITION; RISK_ALLOCATION","Reviewed definitive SPA names ScoutDI and discloses purchase price financing commitments customers and earnout terms but not closing transfer validation or final qualification",UNKNOWN,"The prior LOI state is superseded; the opportunity must be reopened before any new outreach decision"
DE-D-003,NO,NONE,"Reviewed agreement establishes the acquisition and rationale; the current outreach gap is post-close integration performance before the transaction has closed",UNKNOWN,"Classified FUTURE_OBSERVABLE because realized integration customer outcomes and earnout performance should not yet be expected"
DE-D-004,YES,"GO_NO_GO; TRANSACTION_PRICE; TECHNICAL_ACCEPTANCE; CONTRACT_CONDITION","Reviewed ABB announcement establishes acquisition intent and a current up-to-99-percent module-efficiency claim but not the supporting test boundary",UNKNOWN,"Test conditions supporting an already-public technical claim should reasonably exist now and could change technical acceptance or transaction conditions"
DE-D-005,YES,"GO_NO_GO; TRANSACTION_PRICE; CONTRACT_CONDITION; REOPEN_DECISION","Reviewed acquisition announcement establishes strategic intent but not realized integration or customer operating metrics",UNKNOWN,"Resolution could change transaction conditions integration gates and post-close capital allocation"
