decision_event_id,g1_active_decision,g2_identifiable_claim,g3_real_evidence_gap,g4_material_cost_of_error,g5_identifiable_owner,g6_verified_contact_route,gate_count,qualification,selected,selection_note
DE-A-001,1,1,1,1,0,0,4,HOLD,NO,"Tender is active but no decision owner or decision-relevant contact route was resolved"
DE-A-002,1,1,1,1,0,0,4,HOLD,NO,"Post-bid event; no named accountable owner resolved"
DE-A-003,1,1,1,1,0,0,4,HOLD,NO,"Program-level announcement precedes a targetable project owner"
DE-A-004,1,1,1,1,0,0,4,HOLD,NO,"Financial close is material but client-side owner and route are not public"
DE-A-005,1,1,1,1,1,1,6,OUTREACH_READY,YES,"Named technology leader and official CATL inquiry route"
DE-B-001,1,1,1,1,0,1,5,REVIEW,YES,"Official TEIAS route exists; named accountable project owner unresolved"
DE-B-002,1,1,1,1,0,1,5,REVIEW,YES,"Verified procurement route; no named accountable technical owner"
DE-B-003,1,1,1,1,0,1,5,REVIEW,YES,"Official procurement portal; no named owner"
DE-B-004,1,1,1,1,0,1,5,REVIEW,YES,"Supplier contact exists; buyer and accountable project owner remain undisclosed"
DE-B-005,1,1,1,1,0,1,5,REVIEW,YES,"Major active delivery; named package owner unresolved"
DE-C-001,1,1,1,1,0,1,5,REVIEW,NO,"Actual affected customer and decision owner are unknown"
DE-C-002,1,1,1,1,0,1,5,REVIEW,NO,"Manufacturer EOL does not identify a live customer replacement decision"
DE-C-003,1,1,1,1,0,1,5,REVIEW,NO,"Manufacturer EOL does not identify a live customer replacement decision"
DE-C-004,1,1,1,1,0,1,5,REVIEW,NO,"Affected customer and owner cannot be inferred from EOL publication"
DE-C-005,1,1,1,1,0,1,5,REVIEW,NO,"Rule creates broad pressure but no exact contractor opportunity is identified"
DE-D-001,1,1,1,1,1,1,6,OUTREACH_READY,YES,"Named CEO and official company contact route"
DE-D-002,1,1,1,1,1,1,6,OUTREACH_READY,YES,"Named CEO and official IR route"
DE-D-003,1,1,1,1,1,1,6,OUTREACH_READY,YES,"Named CEO and official IR route"
DE-D-004,1,1,1,1,1,1,6,OUTREACH_READY,YES,"Named division president and official ABB IR route"
DE-D-005,1,1,1,1,0,1,5,REVIEW,NO,"Named accountable transaction owner not resolved in reviewed source"
