date,day,theme,thesis_id,execution,channel,publication_authorized,status,artifact
2026-10-08,D1,验证过的结果仍不是事实,Q1,Prepare CN decision-maker content and manual Xiaohongshu/Video Channel package,PREPARE_ONLY,NO,PREPARED,drafts/D1_2026-10-08_CN_DECISION_MAKER.md
2026-10-09,D2,Who verifies the verifier?,Q2,Publish X investor post and prepare LinkedIn version,X,YES,CHANNEL_READY,posts/x/D2_2026-10-09_Q2_INVESTOR.md
2026-10-10,D3,UniPat verifies performance; who verifies the evaluation?,Q2,Prepare 15-second CN/EN script,PREPARE_ONLY,NO,PLANNED,
2026-10-11,D4,Evidence to experts/rubrics to evaluation to result,Q2,Prepare Zhihu long-form article,PREPARE_ONLY,NO,PLANNED,
2026-10-12,D5,First buyer outreach,Q4,Research 15 storage/power decision makers and prepare personalized messages,PREPARE_ONLY,NO,PLANNED,
2026-10-13,D6,Objection capture,Q4,Extract exact prospect questions without slogan changes,INTERNAL,NO,PLANNED,
2026-10-14,D7,STOP CONTENT,Q4,Weekly evidence review only,NONE,NO,PLANNED,
2026-10-15,D8,Sodium-ion boundary,Q3,Prepare agreement supported versus deployment not established,PREPARE_ONLY,NO,PLANNED,
2026-10-16,D9,800V boundary,Q3,Prepare one commercial deployment versus repeatability established,PREPARE_ONLY,NO,PLANNED,
2026-10-17,D10,Same boundary in English,Q1,Publish X decision-maker post,X,YES,PLANNED,
2026-10-18,D11,Supported / Not Established / Does Not Support,Q4,Prepare three-card visual or script,PREPARE_ONLY,NO,PLANNED,
2026-10-19,D12,Buyer outreach wave 2,Q4,Research technical advisers insurance engineering and owner procurement,PREPARE_ONLY,NO,PLANNED,
2026-10-20,D13,Public answer,Q4,Prepare one evidence-boundary answer,PREPARE_ONLY,NO,PLANNED,
2026-10-21,D14,STOP CONTENT,Q4,Record forwards conversations and citations,NONE,NO,PLANNED,
2026-10-22,D15,Bankability,Q4,Prepare project-specific evidence boundary,PREPARE_ONLY,NO,PLANNED,
2026-10-23,D16,Critical procurement,Q4,Prepare certificate to exact model/configuration boundary,PREPARE_ONLY,NO,PLANNED,
2026-10-24,D17,Second-source qualification,Q4,Prepare qualification to version and operating-condition boundary,PREPARE_ONLY,NO,PLANNED,
2026-10-25,D18,Public or large capital,Q4,Prepare what was established when capital was committed,PREPARE_ONLY,NO,PLANNED,
2026-10-26,D19,Project finance,Q4,Publish X English bankability-is-project-specific post,X,YES,PLANNED,
2026-10-27,D20,Follow-up,Q4,Follow up only previously contacted prospects and add one public evidence boundary,CONTROLLED_OUTREACH,CONDITIONAL,PLANNED,
2026-10-28,D21,STOP CONTENT,Q4,Convert real objections into objection-response log,NONE,NO,PLANNED,
2026-10-29,D22,Investor thesis,Q2,Publish X Generation to Verification to Trust Boundary,X,YES,PLANNED,
2026-10-30,D23,Compounding asset,Q4,Show why the next verification investigates only missing evidence,PREPARE_ONLY,NO,PLANNED,
2026-10-31,D24,Open challenge,Q4,Publish X minimal evidence-state page and invite boundary criticism,X,YES,PLANNED,
2026-11-01,D25,Correction behavior,Q4,Append valid corrections only,NONE,NO,PLANNED,
2026-11-02,D26,Commercial conversion,Q4,Prepare written scopes for qualified conversations,PRIVATE,CONDITIONAL,PLANNED,
2026-11-03,D27,Review,Q4,Evaluate four commercial metrics,INTERNAL,NO,PLANNED,
2026-11-04,D28,Review,Q4,Check memorandum and meeting-minutes usage,INTERNAL,NO,PLANNED,
2026-11-05,D29,Change feed only,Q4,Publish only if an evidence state materially changed,X,CONDITIONAL,PLANNED,
2026-11-06,D30,Final decision,Q4,Calculate commercial and decision-embedding results,INTERNAL,NO,PLANNED,
