candidate_id,channel,pressure_cohort,organization,trigger_event,source_url,pressure_classes,decision_or_proof_obligation,accountable_role,deadline_state,missing_fact,external_verification_need,buyer_state,route_purpose_fit,freshness_state,cdsp_qualified,outreach_authorization,research_cost_usd
SE-GTM-002-DPAL-CAND-001,DIRECT_PUBLIC_DISCOVERY,TECHNOLOGY_TRIGGERED,UNIDENTIFIED_OFFICE_LTSC_2021_DEPLOYERS,Office LTSC 2021 reaches end of support on 2026-10-13,https://learn.microsoft.com/en-us/lifecycle/,COMMERCIAL_SUPPLY_CHAIN,"Upgrade, replace or accept unsupported-product risk","Deployment-specific IT owner",BOUNDED,"Named deploying organization and its active migration decision",POSSIBLE,NOT_ESTABLISHED,FAIL,CURRENT,NO,NOT_AUTHORIZED,0
SE-GTM-002-DPAL-CAND-002,DIRECT_PUBLIC_DISCOVERY,TECHNOLOGY_TRIGGERED,UNIDENTIFIED_WINDOWS_11_24H2_DEPLOYERS,Windows 11 24H2 Home and Pro support ends in October 2026,https://learn.microsoft.com/en-us/lifecycle/products/windows-11-home-and-pro,COMMERCIAL_SUPPLY_CHAIN,"Upgrade affected endpoints or accept unsupported-version risk","Deployment-specific endpoint owner",BOUNDED,"Named affected organization and deployment inventory",POSSIBLE,NOT_ESTABLISHED,FAIL,CURRENT,NO,NOT_AUTHORIZED,0
SE-GTM-002-DPAL-CAND-003,DIRECT_PUBLIC_DISCOVERY,TECHNOLOGY_TRIGGERED,UNIDENTIFIED_SIMOTION_OPERATORS,Siemens states SIMOTION availability ends in 2026 with spare-parts support to 2035,https://www.siemens.com/en-us/products/simotion/,COMMERCIAL_SUPPLY_CHAIN,"Continue with spares or migrate motion-control architecture","Plant automation or machine-platform owner",YEAR_ONLY,"Named operator, installed base, lifecycle horizon and migration constraint",POSSIBLE,NOT_ESTABLISHED,FAIL,CURRENT_SOURCE_NO_EXACT_DATE,NO,NOT_AUTHORIZED,0
SE-GTM-002-DPAL-CAND-004,DIRECT_PUBLIC_DISCOVERY,TECHNOLOGY_TRIGGERED,Hyundai Motor America,NHTSA recall 26V019 records a software noncompliance and remedy for 83877 vehicles,https://static.nhtsa.gov/odi/rcl/2026/RCLRPT-26V019-3487.pdf,"EXTERNAL_RISK|REGULATORY_COMPLIANCE|GOVERNANCE_ACCOUNTABILITY","Execute remedy, notifications and recall reporting","North America Safety Decision Authority",ONGOING_REPORTING,"Current remedy completion and unresolved exception evidence",POSSIBLE,IDENTIFIABLE_NOT_CONFIRMED,WEAK,HISTORIC_REMEDY_REPORTING,NO,NOT_AUTHORIZED,0
SE-GTM-002-DPAL-CAND-005,DIRECT_PUBLIC_DISCOVERY,TECHNOLOGY_TRIGGERED,"TTI, Inc.",TE Connectivity PCN P-25-027928 identifies TTI as a past customer/distributor and requests end-customer notification for no-LTB obsolescence,https://www.tti.com/content/dam/ttiinc/products/PCN/te-connectivity/TE%20Connectivity-PCN-P-25-027928.pdf,"COMMERCIAL_SUPPLY_CHAIN|EXTERNAL_RISK","Notify affected end customers and resolve continuity where no replacement or last-time buy exists","Product management or supply-chain owner",NOT_ESTABLISHED,"Named affected end customer, unresolved decision and need for independent evidence",POSSIBLE,IDENTIFIABLE_NOT_CONFIRMED,ROUTABLE,REOPEN,NO,NOT_AUTHORIZED,0
SE-GTM-002-DPAL-CAND-006,DIRECT_PUBLIC_DISCOVERY,TECHNOLOGY_TRIGGERED,FCA US LLC,NHTSA recall 25V576 records loss-of-propulsion risk and an HCP software remedy,https://static.nhtsa.gov/odi/rcl/2025/RCLRPT-25V576-2056.pdf,"EXTERNAL_RISK|REGULATORY_COMPLIANCE|GOVERNANCE_ACCOUNTABILITY","Execute remedy, notifications and recall reporting","Technical Safety and Regulatory Compliance / Vehicle Regulations Committee",ONGOING_REPORTING,"Current remedy completion and whether additional decision support is needed",POSSIBLE,IDENTIFIABLE_NOT_CONFIRMED,WEAK,HISTORIC_REMEDY_REPORTING,NO,NOT_AUTHORIZED,0
SE-GTM-002-DPAL-CAND-007,DIRECT_PUBLIC_DISCOVERY,AUDIT_RISK_TRIGGERED,GoDaddy Inc.,FTC final order requires a comprehensive information-security program and independent third-party assessment,https://www.ftc.gov/news-events/news/press-releases/2025/05/ftc-finalizes-order-godaddy-over-data-security-failures,"INTERNAL_AUDIT|REGULATORY_COMPLIANCE|GOVERNANCE_ACCOUNTABILITY","Maintain the security program and obtain required independent assessments","Information-security program owner",RECURRING_ORDER,"Assessment cadence, incumbent assessor, procurement state and unresolved evidence boundary",REQUIRED,IDENTIFIABLE_NOT_CONFIRMED,WEAK,HISTORIC_ORDER_STILL_OPERATIVE,NO,NOT_AUTHORIZED,0
SE-GTM-002-DPAL-CAND-008,DIRECT_PUBLIC_DISCOVERY,AUDIT_RISK_TRIGGERED,Marriott International Inc.,FTC final order requires independent third-party assessments of the information-security program,https://www.ftc.gov/system/files/ftc_gov/pdf/1923022marriottfinalorder.pdf,"INTERNAL_AUDIT|REGULATORY_COMPLIANCE|GOVERNANCE_ACCOUNTABILITY","Maintain the security program and complete order-defined third-party assessments","Information-security program owner",RECURRING_ORDER,"Next assessment boundary, incumbent assessor and open procurement state",REQUIRED,IDENTIFIABLE_NOT_CONFIRMED,WEAK,HISTORIC_ORDER_STILL_OPERATIVE,NO,NOT_AUTHORIZED,0
SE-GTM-002-DPAL-CAND-009,DIRECT_PUBLIC_DISCOVERY,AUDIT_RISK_TRIGGERED,Super Micro Computer Inc.,2026 Form 10-K reports ineffective ICFR and an adverse auditor opinion as of 2026-06-30,https://www.sec.gov/Archives/edgar/data/1375365/000137536526000022/smci-20260630.htm,"INTERNAL_AUDIT|GOVERNANCE_ACCOUNTABILITY|EXTERNAL_RISK","Operate and test remedial controls until management and audit evidence support remediation","CEO, CFO, Audit Committee and ICFR control owners",NEXT_REPORTING_CYCLE,"Whether any unfilled independent decision-support scope exists beyond existing audit work",EXISTING_ATTESTATION_CONTEXT,IDENTIFIABLE_NOT_CONFIRMED,WEAK,CURRENT,NO,NOT_AUTHORIZED,0
SE-GTM-002-DPAL-CAND-010,DIRECT_PUBLIC_DISCOVERY,AUDIT_RISK_TRIGGERED,ADTRAN Holdings Inc.,2026 Q2 Form 10-Q states two material weaknesses remained as of 2026-06-30,https://www.sec.gov/Archives/edgar/data/926282/000119312526331632/adtn-20260630.htm,"INTERNAL_AUDIT|GOVERNANCE_ACCOUNTABILITY|EXTERNAL_RISK","Sustain remedial controls long enough to test and conclude operating effectiveness","CEO, CFO, Audit Committee and ICFR control owners",NEXT_REPORTING_CYCLE,"Whether any unfilled independent decision-support scope exists beyond existing audit work",EXISTING_ATTESTATION_CONTEXT,IDENTIFIABLE_NOT_CONFIRMED,WEAK,CURRENT,NO,NOT_AUTHORIZED,0
SE-GTM-002-DPAL-CAND-011,DIRECT_PUBLIC_DISCOVERY,AUDIT_RISK_TRIGGERED,Apotex Inc.,FDA warning letter requests comprehensive independent assessments of investigation and CAPA systems,https://www.fda.gov/inspections-compliance-enforcement-and-criminal-investigations/warning-letters/apotex-inc-714137-10312025,"INTERNAL_AUDIT|REGULATORY_COMPLIANCE|GOVERNANCE_ACCOUNTABILITY","Provide independent assessments and remediation plans responsive to FDA findings","Executive management and Quality Unit",PAST_RESPONSE_WINDOW_NOT_RECHECKED,"Current regulatory status, assessor engagement and remaining remediation boundary",REQUIRED,IDENTIFIABLE_NOT_CONFIRMED,WEAK,REOPEN,NO,NOT_AUTHORIZED,0
SE-GTM-002-DPAL-CAND-012,DIRECT_PUBLIC_DISCOVERY,REGULATORY_POLICY_TRIGGERED,Apple Inc.,European Commission found Apple in breach of DMA anti-steering obligations and ordered restrictions removed,https://digital-markets-act.ec.europa.eu/commission-finds-apple-and-meta-breach-digital-markets-act-2025-04-23_en,"REGULATORY_COMPLIANCE|GOVERNANCE_ACCOUNTABILITY|GEOPOLITICAL_POLICY","Remove non-compliant steering restrictions while the decision is under appeal","DMA legal and platform compliance owner",NOT_ESTABLISHED,"Current appeal effect, accepted compliance state and any open independent verification need",NOT_ESTABLISHED,IDENTIFIABLE_NOT_CONFIRMED,FAIL,CURRENT_WITH_APPEAL,NO,NOT_AUTHORIZED,0
SE-GTM-002-DPAL-CAND-013,DIRECT_PUBLIC_DISCOVERY,REGULATORY_POLICY_TRIGGERED,Meta Platforms Inc.,European Commission found Meta's consent-or-pay model non-compliant and was assessing a later alternative,https://digital-markets-act.ec.europa.eu/commission-finds-apple-and-meta-breach-digital-markets-act-2025-04-23_en,"REGULATORY_COMPLIANCE|GOVERNANCE_ACCOUNTABILITY|GEOPOLITICAL_POLICY","Demonstrate that the alternative model gives the required less-personalized equivalent choice","DMA legal, privacy and product compliance owner",NOT_ESTABLISHED,"Current Commission assessment outcome and any open independent verification need",NOT_ESTABLISHED,IDENTIFIABLE_NOT_CONFIRMED,FAIL,REOPEN,NO,NOT_AUTHORIZED,0
SE-GTM-002-DPAL-CAND-014,DIRECT_PUBLIC_DISCOVERY,REGULATORY_POLICY_TRIGGERED,"Wisconsin Pharmacal Company, LLC",FDA warning letter requests a comprehensive Quality Unit assessment and remediation plan,https://www.fda.gov/inspections-compliance-enforcement-and-criminal-investigations/warning-letters/wisconsin-pharmacal-company-llc-710329-08222025,"REGULATORY_COMPLIANCE|GOVERNANCE_ACCOUNTABILITY|EXTERNAL_RISK","Document corrective action and evidence that Quality Unit controls protect released products","President and CEO / Quality Unit",PAST_RESPONSE_WINDOW_NOT_RECHECKED,"Current close-out status and whether external verification is required",POSSIBLE,IDENTIFIABLE_NOT_CONFIRMED,FAIL,REOPEN,NO,NOT_AUTHORIZED,0
SE-GTM-002-DPAL-CAND-015,DIRECT_PUBLIC_DISCOVERY,REGULATORY_POLICY_TRIGGERED,AH USA Group Inc.,FDA FSVP warning letter requests correction records and supporting implementation evidence,https://www.fda.gov/inspections-compliance-enforcement-and-criminal-investigations/warning-letters/ah-usa-group-inc-695970-02252025,"REGULATORY_COMPLIANCE|COMMERCIAL_SUPPLY_CHAIN|GOVERNANCE_ACCOUNTABILITY","Correct or discontinue use of non-compliant foreign suppliers and document FSVP implementation","FSVP importer compliance owner",PAST_RESPONSE_WINDOW_NOT_RECHECKED,"Current close-out status, affected supplier decisions and need for independent verification",POSSIBLE,IDENTIFIABLE_NOT_CONFIRMED,FAIL,REOPEN,NO,NOT_AUTHORIZED,0
SE-GTM-002-DPAL-CAND-016,DIRECT_PUBLIC_DISCOVERY,REGULATORY_POLICY_TRIGGERED,"Workado, LLC",FTC final order requires competent evidence for AI-detection claims and annual compliance reports for three years,https://www.ftc.gov/news-events/news/press-releases/2025/08/ftc-approves-final-order-against-workado-llc-which-misrepresented-accuracy-its-artificial,"REGULATORY_COMPLIANCE|GOVERNANCE_ACCOUNTABILITY|EXTERNAL_RISK","Retain claim evidence and submit recurring compliance reports","Product-claims and corporate compliance owner",RECURRING_ORDER,"Whether the company has an open independent evidence-review need rather than an internal compliance process",NOT_ESTABLISHED,IDENTIFIABLE_NOT_CONFIRMED,FAIL,CURRENT_RECURRING_ORDER,NO,NOT_AUTHORIZED,0
